,City,Cloudiness,Country,Date,Humidity,Lat,Lng,Max Temp,Wind Speed
0,dali,100,CN,1594930060,86,25.7,100.18,64.45,5.35
1,qaanaaq,94,GL,1594930074,77,77.48,-69.36,44.17,5.23
2,cape town,0,ZA,1594930079,87,-33.93,18.42,51.8,2.24
3,saint-philippe,75,RE,1594930075,72,-21.36,55.77,68.0,5.82
4,mataura,24,NZ,1594929893,98,-46.19,168.86,28.42,2.08
5,hobart,40,AU,1594930075,93,-42.88,147.33,39.0,4.7
6,albany,98,US,1594930075,57,42.6,-73.97,79.0,10.0
7,adrar,25,MR,1594930075,23,20.5,-10.07,94.75,14.0
8,rikitea,100,PF,1594930076,83,-23.12,-134.97,73.47,4.14
9,longyearbyen,75,SJ,1594930076,87,78.22,15.64,44.6,2.24
10,maple creek,0,CA,1594930176,33,49.92,-109.48,82.11,10.16
11,las vegas,1,US,1594930132,8,36.17,-115.14,102.2,8.05
12,busselton,56,AU,1594929843,88,-33.65,115.33,52.0,10.04
13,muros,16,ES,1594930076,61,42.78,-9.06,72.0,5.99
14,maniitsoq,9,GL,1594930077,83,65.42,-52.9,46.53,6.64
15,pontalina,0,BR,1594930077,35,-17.52,-49.45,80.92,6.67
16,carnarvon,75,AU,1594930077,100,-24.87,113.63,62.6,13.87
17,atuona,0,PF,1594929921,76,-9.8,-139.03,79.99,20.62
18,bengkulu,95,ID,1594929930,86,-3.8,102.27,77.18,5.01
19,marawi,100,PH,1594930078,91,8.0,124.29,73.99,5.99
20,ushuaia,0,AR,1594930078,90,-54.8,-68.3,33.8,3.36
21,jamestown,90,US,1594930078,88,42.1,-79.24,80.01,8.05
22,fallon,40,US,1594930200,8,39.47,-118.78,93.99,3.36
23,dikson,100,RU,1594930078,94,73.51,80.55,40.71,3.53
24,jalu,0,LY,1594929957,34,29.03,21.55,86.27,14.14
25,ponta do sol,1,PT,1594930201,69,32.67,-17.1,73.4,4.7
26,butaritari,43,KI,1594929920,67,3.07,172.79,83.01,9.24
27,new norfolk,8,AU,1594930202,89,-42.78,147.06,39.0,2.37
28,esperance,90,AU,1594930202,100,-33.87,121.9,57.2,13.87
29,castro,90,BR,1594930203,73,-24.79,-50.01,61.79,3.2
30,bredasdorp,0,ZA,1594930204,93,-34.53,20.04,46.4,3.36
31,tevriz,0,RU,1594930204,92,57.51,72.4,70.05,4.07
32,hermanus,0,ZA,1594929762,74,-34.42,19.23,53.01,3.0
33,yellowknife,75,CA,1594930205,48,62.46,-114.35,66.99,5.82
34,tabou,96,CI,1594930205,78,4.42,-7.35,75.34,11.07
35,georgetown,40,MY,1594930206,94,5.41,100.34,78.8,3.36
36,vaini,20,TO,1594930206,78,-21.2,-175.2,77.0,6.93
37,upernavik,20,GL,1594930207,80,72.79,-56.15,45.3,6.6
38,cidreira,100,BR,1594930207,89,-30.18,-50.21,54.07,18.32
39,mount gambier,10,AU,1594930207,93,-37.83,140.77,39.2,9.17
40,hamilton,75,US,1594930208,58,39.18,-84.53,88.0,12.75
41,slave lake,90,CA,1594930208,77,55.28,-114.77,66.2,8.05
42,marzuq,87,YE,1594929921,49,14.4,46.47,84.67,3.56
43,port alfred,3,ZA,1594930208,50,-33.59,26.89,57.36,6.53
44,vila velha,75,BR,1594930208,69,-20.33,-40.29,73.4,11.41
45,tasiilaq,40,GL,1594930209,66,65.61,-37.64,48.2,13.87
46,punta arenas,75,CL,1594930209,74,-53.15,-70.92,33.8,5.82
47,elizabeth city,20,US,1594930210,58,36.29,-76.25,88.0,9.17
48,gualaquiza,8,EC,1594930210,66,-3.4,-78.55,74.41,3.69
49,pedernales,40,DO,1594930211,52,18.04,-71.74,93.2,13.87
50,loubomo,95,CG,1594930211,79,-4.2,12.67,70.95,6.02
51,te anau,43,NZ,1594930084,95,-45.42,167.72,30.13,0.81
52,kapaa,40,US,1594930211,74,22.08,-159.32,84.0,12.75
53,sao filipe,26,CV,1594930212,79,14.9,-24.5,76.39,10.69
54,clermont,90,FR,1594930212,72,49.5,2.42,64.4,6.93
55,khatanga,100,RU,1594930212,78,71.97,102.5,50.4,14.0
56,touros,75,BR,1594929920,83,-5.2,-35.46,77.0,9.17
57,camopi,94,GF,1594930213,71,3.17,-52.32,84.25,2.06
58,mahebourg,75,MU,1594930213,83,-20.41,57.7,69.8,6.93
59,san patricio,75,MX,1594929926,75,19.22,-104.7,89.6,11.41
60,tiksi,12,RU,1594930139,88,71.69,128.87,36.48,19.8
61,victoria,100,HK,1594930140,83,22.29,114.16,84.0,5.99
62,alice springs,0,AU,1594930214,69,-23.7,133.88,33.8,3.36
63,zhezkazgan,0,KZ,1594930215,26,47.8,67.71,78.15,17.69
64,faya,25,SA,1594930215,49,18.39,42.45,71.6,12.75
65,pokrovskoye,100,RU,1594930215,44,47.42,38.9,75.99,7.0
66,tura,100,IN,1594930216,95,25.52,90.22,75.27,5.77
67,port blair,100,IN,1594930216,79,11.67,92.75,81.0,8.39
68,freeport,20,US,1594930163,57,40.66,-73.58,78.01,13.87
69,okhotsk,100,RU,1594930217,90,59.38,143.3,56.39,7.27
70,goderich,100,CA,1594930217,93,43.75,-81.72,71.01,4.0
71,saryozek,15,KZ,1594930217,27,44.36,77.98,69.71,4.03
72,wana,0,PK,1594930217,51,32.3,69.57,80.02,3.29
73,nabire,5,ID,1594930218,89,-3.37,135.48,74.71,3.67
74,ribeira grande,75,PT,1594929928,64,38.52,-28.7,73.4,11.41
75,abonnema,75,NG,1594930218,100,4.71,6.79,75.2,4.5
76,avarua,0,CK,1594930218,73,-21.21,-159.78,71.6,9.17
77,lompoc,11,US,1594930219,60,34.64,-120.46,71.6,5.82
78,holme,2,DK,1594930219,82,56.11,10.17,61.0,1.12
79,bluff,25,NZ,1594930219,88,-46.6,168.33,37.98,10.45
80,bandarbeyla,43,SO,1594929962,58,9.49,50.81,82.67,27.38
81,tuktoyaktuk,75,CA,1594930078,62,69.45,-133.04,53.6,12.75
82,saint george,1,US,1594930220,12,37.1,-113.58,102.99,4.7
83,lastoursville,100,GA,1594930220,89,-0.81,12.73,73.53,2.64
84,chardara,2,KZ,1594930220,23,41.25,67.97,84.49,9.19
85,prieska,0,ZA,1594930221,41,-29.66,22.75,47.98,5.08
86,north bend,90,US,1594930221,77,43.41,-124.22,78.01,19.46
87,sinnamary,100,GF,1594930221,77,5.38,-52.95,83.34,10.6
88,port elizabeth,27,ZA,1594930221,87,-33.92,25.57,46.4,3.36
89,katsuura,75,JP,1594930147,94,35.13,140.3,68.0,3.36
90,thompson,75,CA,1594930115,82,55.74,-97.86,60.8,13.87
91,el real de santa maria,100,PA,1594930222,87,8.11,-77.73,82.51,1.68
92,manggar,6,ID,1594930222,84,-2.88,108.27,80.62,11.41
93,hilo,1,US,1594930222,65,19.73,-155.09,82.4,5.82
94,puerto carreno,40,CO,1594930207,83,6.19,-67.49,80.6,9.17
95,nome,90,US,1594930223,82,64.5,-165.41,57.0,5.82
96,atar,6,MR,1594930223,18,20.52,-13.05,95.72,9.53
97,yaan,100,NG,1594930223,93,7.38,8.57,73.92,4.92
98,puerto ayora,20,EC,1594930224,69,-0.74,-90.35,75.2,18.34
99,domoni,61,KM,1594930224,79,-12.26,44.53,74.59,14.09
100,sosnovka,99,RU,1594930224,93,56.26,51.28,66.24,3.91
101,conde,75,BR,1594930225,88,-7.26,-34.91,75.2,6.93
102,yar-sale,0,RU,1594930225,77,66.83,70.83,46.38,3.98
103,egvekinot,61,RU,1594930225,81,66.32,-179.17,52.88,2.44
104,vila franca do campo,75,PT,1594930226,77,37.72,-25.43,69.8,10.29
105,beringovskiy,91,RU,1594930226,78,63.05,179.32,52.29,3.91
106,nouadhibou,0,MR,1594930226,83,20.93,-17.03,71.6,12.75
107,ancud,90,CL,1594930227,93,-41.87,-73.82,52.0,12.75
108,airai,1,TL,1594930227,95,-8.93,125.41,55.99,2.73
109,mar del plata,32,AR,1594930026,50,-38.0,-57.56,55.99,13.87
110,nazca,0,PE,1594930227,41,-14.83,-74.95,74.77,7.76
111,saint-denis,90,FR,1594930228,68,48.92,2.33,66.2,9.17
112,pangnirtung,20,CA,1594929937,59,66.15,-65.71,60.8,9.17
113,lubaczow,100,PL,1594930172,84,50.16,23.12,62.01,4.92
114,ambulu,10,ID,1594930228,88,-8.35,113.61,72.91,3.27
115,torbay,90,CA,1594930026,100,47.67,-52.73,48.99,19.46
116,evensk,100,RU,1594929957,94,61.95,159.23,51.04,5.84
117,male,75,MV,1594930229,79,4.17,73.51,84.2,2.24
118,kodiak,90,US,1594930088,76,57.79,-152.41,57.2,5.82
119,nikolskoye,75,RU,1594930230,67,59.7,30.79,60.8,8.95
120,poum,19,NC,1594930230,60,-20.23,164.02,69.49,11.3
121,cherskiy,0,RU,1594930230,58,68.75,161.3,50.09,3.38
122,timmins,75,CA,1594930230,44,48.47,-81.33,80.6,9.17
123,sur,4,OM,1594930231,65,22.57,59.53,85.3,8.84
124,kajaani,0,FI,1594930231,93,64.23,27.73,55.4,2.24
125,anori,100,BR,1594930231,60,-3.77,-61.64,86.79,1.05
126,camana,64,PE,1594930231,72,-16.62,-72.71,64.24,6.42
127,asau,0,RO,1594930232,88,46.43,26.4,59.0,5.32
128,korla,1,CN,1594930232,79,41.76,86.15,77.0,5.99
129,opuwo,0,NA,1594930232,34,-18.06,13.84,58.21,13.06
130,jurm,100,AF,1594930232,33,36.86,70.83,72.43,2.17
131,bennington,90,US,1594930233,60,42.88,-73.2,75.99,13.87
132,bethel,90,US,1594930233,60,41.37,-73.41,75.99,9.17
133,pemba,75,MZ,1594930233,83,-12.97,40.52,71.6,21.92
134,constitucion,100,CL,1594930234,80,-35.33,-72.42,54.61,9.91
135,pisco,90,PE,1594930234,87,-13.7,-76.22,62.01,3.36
136,bend,1,US,1594930428,21,44.06,-121.32,84.2,8.16
137,samarkand,95,UZ,1594929977,34,39.65,66.96,80.6,9.17
138,pitimbu,75,BR,1594929943,88,-7.47,-34.81,75.2,6.93
139,kahului,40,US,1594930235,66,20.89,-156.47,84.2,20.8
140,saskylakh,100,RU,1594929771,60,71.92,114.08,46.9,19.98
141,luhyny,98,UA,1594930235,85,51.08,28.4,60.01,1.16
142,nijar,58,ES,1594930236,51,36.97,-2.21,80.6,20.8
143,oranjemund,0,NA,1594930236,24,-28.55,16.43,67.14,10.67
144,chimbote,56,PE,1594930038,73,-9.09,-78.58,64.78,10.13
145,lagoa,100,PT,1594929943,82,39.05,-27.98,68.49,13.47
146,cayenne,100,GF,1594930237,74,4.93,-52.33,84.2,2.24
147,samarai,100,PG,1594930237,88,-10.62,150.67,75.92,16.22
148,shatsk,81,RU,1594930238,86,54.03,41.71,57.0,8.34
149,hithadhoo,99,MV,1594930238,69,-0.6,73.08,84.33,4.45
150,gat,0,IL,1594930238,69,31.61,34.76,79.0,2.55
151,mayo,1,US,1594930238,69,38.89,-76.51,86.0,12.75
152,butembo,100,CD,1594930239,95,0.15,29.28,56.64,2.95
153,tarnogskiy gorodok,0,RU,1594930239,94,60.5,43.58,55.81,3.85
154,catia la mar,83,VE,1594930239,69,10.6,-67.03,80.01,9.17
155,kalengwa,0,ZM,1594930240,54,-13.47,25.0,58.06,12.26
156,taltal,22,CL,1594930240,43,-25.4,-70.48,66.72,5.7
157,akdepe,0,TM,1594930240,35,42.06,59.38,84.2,6.93
158,barrow,75,US,1594930240,80,71.29,-156.79,35.6,11.41
159,alamosa,1,US,1594930031,36,37.47,-105.87,75.2,6.71
160,cardston,75,CA,1594930180,32,49.2,-113.3,80.6,10.29
161,kysyl-syr,10,RU,1594930241,89,63.9,122.76,58.95,5.68
162,brae,100,GB,1594930241,100,60.4,-1.35,55.4,14.99
163,labrea,100,BR,1594930242,28,-7.26,-64.8,94.51,2.75
164,umm lajj,0,SA,1594930242,68,25.02,37.27,83.5,6.08
165,eureka,10,US,1594930242,100,40.8,-124.16,70.0,1.99
166,kalabo,0,ZM,1594930242,43,-14.97,22.68,60.58,11.43
167,jinchang,68,CN,1594930242,48,38.5,102.17,66.85,4.07
168,mogadishu,100,SO,1594930243,76,2.04,45.34,77.47,20.0
169,sandane,75,NO,1594930243,63,61.77,6.21,62.6,8.05
170,harrisonburg,90,US,1594930038,78,38.45,-78.87,84.0,12.75
171,chuy,74,UY,1594930243,80,-33.7,-53.46,52.93,5.41
172,taoudenni,100,ML,1594930244,27,22.68,-3.98,95.65,13.06
173,cabo san lucas,5,MX,1594930160,62,22.89,-109.91,93.2,11.41
174,sukhumi,15,GE,1594930244,80,43.0,41.02,72.66,2.51
175,sol-iletsk,40,RU,1594930244,34,51.16,54.99,80.91,8.19
176,costinesti,40,RO,1594930245,72,43.95,28.63,66.2,3.36
177,rio grande,72,BR,1594930116,87,-32.03,-52.1,53.01,9.17
178,allapalli,82,IN,1594930245,92,19.42,80.07,76.39,5.46
179,aguililla,97,MX,1594930246,65,18.73,-102.73,83.68,1.59
180,cabedelo,75,BR,1594930246,88,-6.98,-34.83,75.2,6.93
181,abeche,80,TD,1594930246,54,13.83,20.83,84.11,8.12
182,anadyr,90,RU,1594930247,100,64.75,177.48,48.2,8.1
183,kruisfontein,39,ZA,1594930247,56,-34.0,24.73,48.56,3.94
184,kostomuksha,72,RU,1594930247,68,64.57,30.58,50.88,4.12
185,saint-joseph,75,RE,1594930247,72,-21.37,55.62,68.0,5.82
186,gazli,0,UZ,1594930248,15,40.13,63.45,84.47,10.76
187,ampanihy,3,MG,1594930248,79,-24.7,44.75,58.28,9.08
188,barcelos,8,PT,1594930249,35,41.54,-8.62,90.0,8.05
189,rocha,56,UY,1594930249,75,-34.48,-54.33,50.97,4.99
190,kerman,75,IR,1594930249,24,30.28,57.08,82.4,9.17
191,cayeli,0,TR,1594930250,75,41.09,40.73,72.95,1.39
192,baillif,75,GP,1594930250,66,16.02,-61.75,84.2,12.75
193,saldanha,0,ZA,1594930250,66,-33.01,17.94,51.8,9.78
194,mehamn,98,NO,1594930251,93,71.04,27.85,51.8,4.7
195,villarrubia de los ojos,0,ES,1594930251,22,39.22,-3.61,91.4,5.82
196,madimba,20,TZ,1594930251,64,-10.4,40.33,73.4,16.11
197,kavieng,85,PG,1594930251,70,-2.57,150.8,81.95,1.97
198,lorengau,66,PG,1594930252,69,-2.02,147.27,82.11,3.49
199,nuuk,20,GL,1594930252,62,64.18,-51.72,59.0,5.82
200,codrington,1,AU,1594930252,92,-38.27,141.97,38.57,7.78
201,lebu,100,CL,1594930253,88,-37.62,-73.65,53.82,17.72
202,tigre,67,AR,1594930253,48,-34.43,-58.58,62.01,3.36
203,ayagoz,88,KZ,1594930254,66,47.97,80.44,65.21,11.3
204,kirakira,19,SB,1594930254,82,-10.45,161.92,76.75,7.99
205,tazmalt,20,DZ,1594930254,69,36.39,4.4,77.0,9.17
206,benghazi,0,LY,1594930255,69,32.12,20.07,78.17,9.95
207,kismayo,100,SO,1594930096,73,-0.36,42.55,77.27,23.53
208,villamontes,6,BO,1594930024,36,-21.25,-63.5,82.22,3.76
209,panaba,54,MX,1594930255,70,21.28,-88.27,88.59,11.39
210,pipri,59,IN,1594930255,89,19.8,75.53,73.98,10.96
211,flin flon,75,CA,1594930256,59,54.77,-101.86,66.2,13.87
212,cleethorpes,31,GB,1594930256,73,53.56,-0.03,69.8,6.93
213,arraial do cabo,75,BR,1594930257,64,-22.97,-42.03,69.8,6.93
214,coffs harbour,6,AU,1594930257,58,-30.3,153.13,57.99,12.75
215,grand gaube,5,MU,1594930258,80,-20.01,57.66,68.0,5.01
216,laguna,1,US,1594930258,42,38.42,-121.42,84.99,8.05
217,senador jose porfirio,80,BR,1594930258,64,-2.59,-51.95,84.9,0.63
218,jacareacanga,57,BR,1594930259,41,-6.22,-57.75,93.2,4.7
219,borogontsy,96,RU,1594930259,60,62.67,131.17,64.89,3.65
220,jardim,58,BR,1594930259,32,-21.48,-56.14,86.11,7.18
221,inirida,100,CO,1594930260,69,3.87,-67.92,85.5,1.86
222,prior lake,1,US,1594930260,44,44.71,-93.42,82.99,14.99
223,matagami,1,CA,1594930261,60,49.75,-77.63,75.2,9.17
224,george town,40,MY,1594930206,94,5.41,100.34,78.8,3.36
225,san quintin,1,MX,1594930165,64,30.48,-115.95,73.15,13.82
226,gravdal,40,NO,1594930262,87,68.12,13.5,57.2,8.05
227,salalah,75,OM,1594930262,94,17.02,54.09,82.4,6.93
228,nago,90,JP,1594930263,88,26.59,127.98,82.4,6.93
229,talnakh,40,RU,1594930263,87,69.49,88.4,48.2,11.18
230,bambanglipuro,5,ID,1594930263,90,-7.95,110.28,74.41,0.76
231,sitka,75,US,1594930109,77,57.05,-135.33,59.0,11.41
232,sao joao da barra,75,BR,1594930264,68,-21.64,-41.05,71.6,6.93
233,ucluelet,90,CA,1594930165,100,48.93,-125.55,61.0,6.93
234,pevek,100,RU,1594930264,99,69.7,170.31,39.0,5.75
235,matara,100,LK,1594930265,89,5.95,80.54,77.95,5.97
236,pravia,20,ES,1594930265,82,43.49,-6.15,66.99,9.17
237,porto novo,20,BJ,1594930265,94,6.5,2.6,75.2,9.17
238,santiago de cao,17,PE,1594930266,77,-7.96,-79.24,64.56,12.19
239,ngunguru,49,NZ,1594930266,3,-35.62,174.5,60.01,8.01
240,santa lucia,3,ES,1594930266,73,27.91,-15.54,78.01,23.04
241,semey,41,KZ,1594930267,59,50.41,80.23,68.34,15.46
242,manaus,75,BR,1594930267,74,-3.1,-60.02,84.2,2.24
243,la trinitaria,0,MX,1594930267,48,16.12,-92.05,77.72,9.28
244,norman wells,90,CA,1594930078,82,65.28,-126.83,62.6,10.29
245,albuquerque,40,US,1594930084,23,35.08,-106.65,91.99,6.11
246,chokurdakh,100,RU,1594930268,91,70.63,147.92,41.74,7.05
247,severo-yeniseyskiy,63,RU,1594930268,98,60.37,93.04,46.76,9.28
248,saint anthony,1,US,1594930171,37,45.02,-93.22,84.0,11.41
249,fukue,63,JP,1594930268,86,32.69,128.84,72.55,14.38
250,hami,32,CN,1594930269,31,42.8,93.45,76.95,4.52
251,kalmunai,100,LK,1594930269,72,7.42,81.82,81.46,1.95
252,sechura,12,PE,1594930269,59,-5.56,-80.82,72.91,14.2
253,kibre mengist,89,ET,1594930270,90,5.88,38.98,55.44,1.97
254,shubarkuduk,0,KZ,1594930270,21,49.14,56.49,84.13,10.31
255,ust-kut,0,RU,1594930271,84,56.79,105.77,45.03,3.71
256,bundaberg,0,AU,1594930271,53,-24.85,152.35,50.0,11.41
257,qrendi,0,MT,1594930271,83,35.83,14.46,77.0,6.93
258,marrakesh,20,MA,1594930271,32,31.63,-8.01,96.8,10.29
259,kasongo-lunda,0,CD,1594930272,29,-6.47,16.82,74.43,0.63
260,aljezur,0,PT,1594930272,48,37.32,-8.8,84.99,5.88
261,provideniya,75,RU,1594930272,81,64.38,-173.3,48.2,4.47
262,acarau,0,BR,1594930159,68,-2.89,-40.12,81.63,14.45
263,saint augustine,40,US,1594930023,70,29.89,-81.31,89.01,10.29
264,sinjar,0,IQ,1594930273,14,36.32,41.88,90.37,18.16
265,severo-kurilsk,81,RU,1594930273,91,50.68,156.12,51.53,4.0
266,vostok,5,RU,1594930273,97,46.49,135.88,58.71,4.09
267,the valley,20,AI,1594930273,58,18.22,-63.06,87.8,13.87
268,bambous virieux,75,MU,1594929920,83,-20.34,57.76,69.8,6.93
269,ojinaga,1,MX,1594930274,19,29.57,-104.42,98.6,4.7
270,ivdel,97,RU,1594930274,95,60.69,60.42,66.18,10.85
271,teguldet,82,RU,1594930275,92,57.31,88.17,55.85,6.15
272,bagotville,40,AU,1594930275,71,-28.98,153.42,51.01,8.05
273,ormara,100,PK,1594930275,81,25.21,64.64,85.59,11.65
274,luanda,0,AO,1594930275,83,-8.84,13.23,71.6,9.17
275,san ramon de la nueva oran,100,AR,1594930276,48,-23.13,-64.33,71.01,5.66
276,souillac,75,MU,1594930276,83,-20.52,57.52,69.8,6.93
277,shuyskoye,56,RU,1594930276,97,59.37,41.03,56.39,6.24
278,griffith,40,US,1594930195,65,41.53,-87.42,81.0,3.36
279,bonavista,98,CA,1594929921,79,48.65,-53.11,48.0,5.99
280,faanui,100,PF,1594930277,88,-16.48,-151.75,75.09,16.15
281,sibiti,54,CG,1594930277,74,-3.68,13.35,72.43,4.12
282,namibe,0,AO,1594930278,62,-15.2,12.15,67.69,1.81
283,havelock,94,US,1594930278,66,34.88,-76.9,86.0,8.99
284,rassvet,96,RU,1594930278,49,46.83,40.75,72.16,9.31
285,tautira,20,PF,1594930279,74,-17.73,-149.15,80.6,10.29
286,rameswaram,100,IN,1594930279,77,9.28,79.3,84.43,15.08
287,geraldton,75,AU,1594930279,87,-28.77,114.6,59.0,17.22
288,alta floresta,20,BR,1594930279,25,-9.88,-56.09,96.8,4.7
289,vanavara,100,RU,1594930118,95,60.34,102.28,53.15,10.94
290,veraval,57,IN,1594930280,83,20.9,70.37,82.9,3.24
291,itoman,75,JP,1594930280,94,26.12,127.67,82.4,8.05
292,heihe,98,CN,1594930281,90,50.24,127.49,67.68,4.18
293,shu,24,KZ,1594930281,68,43.6,73.76,77.0,8.99
294,ahipara,100,NZ,1594930281,92,-35.17,173.17,57.54,9.57
295,walvis bay,0,NA,1594930139,9,-22.96,14.51,73.4,16.11
296,khorramshahr,0,IR,1594930282,17,30.44,48.17,95.0,4.7
297,leshukonskoye,98,RU,1594930282,79,64.9,45.76,51.66,6.26
298,manokwari,1,ID,1594930282,70,-0.87,134.08,79.18,4.32
299,asfi,0,MA,1594930282,72,32.3,-9.24,75.94,3.42
300,port hardy,75,CA,1594930283,87,50.7,-127.42,57.2,10.29
301,qianan,0,CN,1594930283,69,44.99,124.06,73.24,13.85
302,lasa,75,IT,1594930283,67,46.62,10.7,57.2,4.7
303,sorong,0,ID,1594930283,83,-0.88,131.25,78.04,4.0
304,ornskoldsvik,0,SE,1594930284,77,63.29,18.72,59.0,4.7
305,northam,0,GB,1594930284,91,51.03,-4.22,64.0,7.0
306,san antonio,20,US,1594930094,41,29.42,-98.49,100.0,6.93
307,jacmel,90,HT,1594930285,55,18.23,-72.53,89.6,8.05
308,guanica,1,PR,1594930285,62,17.97,-66.91,90.0,5.01
309,galle,100,LK,1594930285,88,6.04,80.22,79.9,6.49
310,olinda,40,BR,1594930191,69,-8.01,-34.86,80.6,17.22
311,padang,95,ID,1594930286,84,-0.95,100.35,77.13,7.52
312,nyurba,97,RU,1594930286,79,63.28,118.33,58.59,5.41
313,tromso,75,NO,1594930076,82,69.65,18.96,57.2,5.82
314,karauli,44,IN,1594930287,52,26.5,77.02,91.26,5.26
315,auki,54,SB,1594930287,78,-8.77,160.7,76.77,6.26
316,dongsheng,100,CN,1594930288,77,39.82,109.98,65.35,8.86
317,angoche,9,MZ,1594930288,70,-16.23,39.91,69.91,20.6
318,bonthe,100,SL,1594930289,78,7.53,-12.51,76.5,7.43
319,villa carlos paz,0,AR,1594930289,34,-31.42,-64.5,66.99,8.05
320,birao,100,CF,1594930289,92,10.28,22.79,72.34,1.79
321,nishihara,75,JP,1594930289,94,26.18,127.76,82.4,8.05
322,hobyo,76,SO,1594930290,73,5.35,48.53,78.89,30.15
323,astoria,90,US,1594930218,82,46.19,-123.83,64.99,6.93
324,severodvinsk,75,RU,1594930290,100,64.56,39.83,51.8,4.47
325,boyuibe,80,BO,1594930290,42,-20.42,-63.28,82.8,8.48
326,kralendijk,75,BQ,1594930291,66,12.15,-68.27,87.8,13.87
327,axim,70,GH,1594930197,88,4.87,-2.24,74.39,5.59
328,coquimbo,20,CL,1594930292,71,-29.95,-71.34,57.2,5.82
329,presidente medici,0,BR,1594930292,26,-11.18,-61.9,92.64,3.0
330,eyl,100,SO,1594930292,57,7.98,49.82,83.21,23.35
331,pangody,18,RU,1594930293,85,65.85,74.49,45.19,4.21
332,minab,75,IR,1594930293,32,27.15,57.08,96.8,9.17
333,iqaluit,75,CA,1594930294,57,63.75,-68.51,51.8,8.05
334,narsaq,20,GL,1594930294,36,60.92,-46.05,64.4,8.05
335,grootfontein,0,NA,1594930294,49,-19.57,18.12,48.94,12.01
336,nanortalik,51,GL,1594930295,54,60.14,-45.24,51.03,9.93
337,quimper,90,FR,1594930295,77,48.0,-4.1,64.4,8.05
338,ilulissat,75,GL,1594930295,70,69.22,-51.1,48.2,5.82
339,fortuna,1,US,1594930295,77,40.6,-124.16,62.6,16.11
340,assisi,74,IT,1594930296,64,43.07,12.62,75.99,4.7
341,vardo,65,NO,1594930296,82,70.37,31.11,55.4,8.05
342,mbuji-mayi,3,CD,1594930296,32,-6.15,23.6,77.09,4.27
343,broome,90,US,1594930297,73,42.25,-75.83,75.99,14.99
344,portland,40,US,1594930230,53,45.52,-122.68,81.0,4.7
345,maraba,20,BR,1594930298,41,-5.37,-49.12,93.2,6.93
346,karatuzskoye,63,RU,1594930298,84,53.61,92.87,54.48,3.51
347,kaitangata,10,NZ,1594930298,73,-46.28,169.85,39.0,7.14
348,alofi,20,NU,1594930298,73,-19.06,-169.92,77.0,10.29
349,olean,90,US,1594930298,100,42.08,-78.43,78.01,11.41
350,strezhevoy,1,RU,1594930299,82,60.73,77.59,57.2,6.71
351,plaridel,8,PH,1594930299,85,14.89,120.86,82.0,3.0
352,prince george,75,CA,1594930060,77,53.92,-122.75,66.0,18.34
353,cadillac,1,US,1594930268,47,44.25,-85.4,82.99,4.7
354,bereda,80,ES,1594930300,88,43.27,-7.54,62.01,5.01
355,moerai,54,PF,1594930300,69,-22.43,-151.33,69.17,11.16
356,bodaybo,100,RU,1594930259,85,57.85,114.19,54.07,1.52
357,tiarei,20,PF,1594930301,74,-17.53,-149.33,80.6,10.29
358,quatre cocos,75,MU,1594930302,83,-20.21,57.76,69.8,6.93
359,clyde river,75,CA,1594930302,55,70.47,-68.59,64.4,12.75
360,hambantota,100,LK,1594930302,75,6.12,81.12,81.84,17.83
361,chibombo,0,ZM,1594930302,67,-14.66,28.07,50.52,7.25
362,karasburg,0,NA,1594930303,36,-28.02,18.75,55.58,15.52
363,ust-nera,1,RU,1594930303,61,64.57,143.2,51.76,3.91
364,hoquiam,90,US,1594930304,82,46.98,-123.89,66.99,12.75
365,kamenka,0,RU,1594930304,64,51.32,42.77,63.0,3.0
366,tuatapere,46,NZ,1594930305,95,-46.13,167.68,32.79,4.0
367,ankang,100,CN,1594930305,90,32.68,109.02,69.06,1.23
368,kudahuvadhoo,100,MV,1594930306,69,2.67,72.89,84.54,4.52
369,ballina,40,AU,1594930306,71,-28.87,153.57,51.01,8.05
370,poronaysk,71,RU,1594930306,93,49.22,143.12,54.81,2.19
371,itarema,0,BR,1594930169,68,-2.92,-39.92,81.27,14.7
372,bantou,96,CN,1594930307,77,26.22,117.49,76.84,1.19
373,kununurra,5,AU,1594930307,37,-15.77,128.73,55.4,6.64
374,sicuani,0,PE,1594930307,26,-14.27,-71.23,63.86,6.42
375,srednekolymsk,100,RU,1594930308,60,67.45,153.68,47.41,7.47
376,maragogi,34,BR,1594930308,78,-9.01,-35.22,75.6,12.19
377,pochutla,90,MX,1594930046,62,15.74,-96.47,90.0,13.87
378,maine-soroa,100,NE,1594930308,46,13.21,12.02,88.21,4.5
379,kastamonu,99,TR,1594930309,90,41.5,33.67,62.64,3.0
380,jamame,100,SO,1594930309,73,0.07,42.75,76.33,14.94
381,suez,0,EG,1594930309,66,29.97,32.53,75.78,12.12
382,camacha,20,PT,1594930309,73,33.08,-16.33,71.6,12.75
383,didao,0,CN,1594930310,88,45.37,130.8,65.41,3.42
384,winslow,1,US,1594930152,19,35.02,-110.7,91.4,11.41
385,plettenberg bay,27,ZA,1594930310,46,-34.05,23.37,57.83,5.82
386,karymskoye,100,RU,1594930311,64,51.62,114.35,57.67,9.44
387,chirongui,0,YT,1594930311,73,-12.93,45.15,77.0,19.46
388,east london,0,ZA,1594930284,42,-33.02,27.91,58.68,5.39
389,flinders,61,AU,1594930311,74,-34.58,150.86,54.0,11.99
390,chara,98,RU,1594930312,80,56.91,118.26,64.72,3.53
391,luderitz,0,NA,1594930312,19,-26.65,15.16,71.6,4.7
392,ketrzyn,100,PL,1594930312,95,54.08,21.38,57.76,5.37
393,la ronge,90,CA,1594930238,63,55.1,-105.28,64.4,12.75
394,shache,100,CN,1594930313,43,38.42,77.24,73.35,9.06
395,basoko,100,CD,1594930313,91,1.24,23.62,73.44,2.24
396,paita,40,PE,1594930313,83,-5.09,-81.11,71.6,12.75
397,ust-shonosha,0,RU,1594930314,94,61.15,41.34,55.08,3.44
398,acapulco,40,MX,1594930070,70,16.86,-99.89,89.6,4.7
399,praia da vitoria,75,PT,1594930314,83,38.73,-27.07,69.8,10.0
400,bemidji,40,US,1594930093,69,47.47,-94.88,77.0,6.93
401,avera,40,US,1594930315,47,33.19,-82.53,95.0,9.17
402,neryungri,36,RU,1594930315,79,56.67,124.65,61.68,3.11
403,belaya gora,100,RU,1594930315,75,68.53,146.42,45.07,1.72
404,vao,89,NC,1594930315,63,-22.67,167.48,69.22,12.84
405,maceio,40,BR,1594930316,65,-9.67,-35.74,77.0,13.87
406,yumen,19,CN,1594930316,35,40.28,97.2,67.24,3.29
407,gao,65,ML,1594930316,43,16.64,1.64,90.01,10.92
408,lac du bonnet,4,CA,1594930316,72,50.25,-96.06,78.01,3.0
409,paracatu,0,BR,1594930317,41,-17.22,-46.87,77.43,4.83
410,santa rosa,0,PH,1594930317,76,14.31,121.11,82.0,4.25
411,bere,99,TD,1594930317,91,9.32,16.16,73.35,3.04
412,saint-georges,20,GD,1594930318,74,12.06,-61.75,86.0,20.8
413,hasaki,75,JP,1594930037,93,35.73,140.83,64.4,4.7
414,coihaique,90,CL,1594930318,86,-45.58,-72.07,32.0,2.24
415,shakawe,0,BW,1594930318,44,-18.37,21.85,55.87,9.35
416,polewali,81,ID,1594930318,83,-3.43,119.34,74.61,2.62
417,kosh-agach,10,RU,1594930319,74,50.0,88.67,49.95,4.25
418,muncar,92,ID,1594930319,86,-8.43,114.33,75.2,2.21
419,santa ana,20,US,1594930104,53,33.75,-117.87,82.99,11.41
420,juneau,40,US,1594930244,68,58.3,-134.42,64.4,8.05
421,bilibino,100,RU,1594930320,89,68.05,166.44,45.36,1.48
422,killybegs,75,IE,1594930320,82,54.63,-8.45,62.6,12.75
423,kieta,100,PG,1594930321,80,-6.22,155.63,79.0,5.93
424,fort nelson,75,CA,1594930322,77,58.81,-122.7,62.6,2.24
425,omboue,100,GA,1594930322,86,-1.57,9.26,73.29,7.67
426,stepnogorsk,35,KZ,1594930322,56,52.35,71.89,68.85,8.21
427,terra nova,100,BR,1594930323,58,-12.37,-40.67,73.29,5.86
428,tamworth,75,GB,1594930030,72,52.63,-1.7,68.0,9.17
429,kulhudhuffushi,100,MV,1594930323,78,6.62,73.07,84.13,13.35
430,laramie,1,US,1594930156,11,41.31,-105.59,84.99,11.41
431,nouna,15,BF,1594930324,76,12.73,-3.87,79.11,10.42
432,mandalgovi,73,MN,1594930324,77,45.76,106.27,48.2,21.81
433,leningradskiy,99,RU,1594930325,90,69.38,178.42,42.21,10.56
434,tlacotepec,85,MX,1594930325,76,20.07,-97.87,73.78,6.2
435,huarmey,4,PE,1594930325,67,-10.07,-78.15,66.58,10.38
436,strzegom,66,PL,1594930325,94,50.96,16.35,51.01,5.17
437,prado,46,BR,1594930290,80,-17.34,-39.22,72.01,13.02
438,tortoli,20,IT,1594930326,41,39.93,9.66,77.0,16.11
439,ambrolauri,90,GE,1594930326,78,42.52,43.16,77.0,4.7
440,sunam,0,IN,1594930326,47,30.13,75.8,92.19,5.61
441,nushki,0,PK,1594930327,17,29.55,66.02,84.0,5.06
442,riyadh,46,SA,1594930202,14,24.69,46.72,96.8,8.05
443,paragominas,4,BR,1594930327,68,-2.97,-47.48,84.54,4.54
444,port macquarie,67,AU,1594930327,75,-31.43,152.92,57.99,5.01
445,el jicaro,23,GT,1594930328,49,14.92,-89.9,89.92,2.51
446,bayan,17,CN,1594930328,78,46.08,127.4,69.35,4.32
447,makakilo city,75,US,1594930328,62,21.35,-158.09,84.2,9.17
448,hay river,75,CA,1594930328,72,60.82,-115.8,60.8,14.99
449,mandan,1,US,1594930329,42,46.83,-100.89,87.8,10.29
450,terme,75,TR,1594930329,73,41.21,36.97,75.2,12.75
451,tabuk,78,PH,1594930329,88,17.42,121.44,74.28,3.71
452,rio gallegos,75,AR,1594930281,92,-51.62,-69.22,26.6,4.7
453,baykit,98,RU,1594930155,87,61.67,96.37,53.35,10.29
454,tessalit,36,ML,1594930329,29,20.2,1.01,93.11,15.88
455,birjand,0,IR,1594930330,31,32.87,59.22,77.0,6.93
456,wuchi,100,CN,1594930330,99,29.38,103.02,61.12,2.59
457,varhaug,100,NO,1594930331,89,58.61,5.65,57.99,4.16
458,magaria,94,NE,1594930331,47,13.0,8.91,88.11,7.54
459,harper,98,LR,1594930149,76,4.38,-7.72,75.34,10.02
460,biak,25,ID,1594930183,83,-0.91,122.88,75.07,3.02
461,dingle,18,PH,1594930332,88,11.0,122.67,76.51,2.26
462,goias,0,BR,1594930332,28,-15.58,-49.64,84.54,0.96
463,necochea,0,AR,1594930332,68,-38.55,-58.74,54.0,5.99
464,blagoyevo,39,RU,1594930332,92,63.37,47.92,51.89,5.73
465,tolbazy,0,RU,1594930333,60,54.02,55.88,75.2,6.71
466,praia,75,CV,1594930333,61,14.92,-23.51,80.6,13.87
467,pervomayskoye,66,RU,1594930333,59,43.92,46.71,74.48,3.33
468,bowen,40,AU,1594930333,93,-20.02,148.23,52.0,1.12
469,sebring,1,US,1594930333,66,27.5,-81.44,89.01,6.93
470,lata,0,PT,1594930334,32,40.16,-8.33,93.0,3.0
471,mildura,0,AU,1594930334,83,-34.2,142.15,32.0,5.59
472,plouzane,90,FR,1594930334,82,48.38,-4.62,60.8,8.05
473,clarksburg,1,US,1594930274,49,39.28,-80.34,91.4,9.17
474,hibbing,90,US,1594930335,68,47.43,-92.94,72.0,13.6
475,coahuayana,90,MX,1594930335,65,18.73,-103.68,80.6,11.41
476,sumenep,24,ID,1594930335,77,-7.02,113.87,77.34,8.05
477,napier,100,NZ,1594929920,85,-39.48,176.92,51.01,8.99
478,plattsburgh,1,US,1594930107,65,44.7,-73.45,77.0,11.41
479,arlit,50,NE,1594930336,25,18.74,7.39,94.87,19.13
480,skibbereen,20,IE,1594930336,64,51.55,-9.27,68.0,10.29
481,abalak,0,RU,1594930326,84,58.13,68.59,70.77,2.73
482,santa fe,0,AR,1594930152,43,-31.63,-60.7,66.99,4.0
483,oktyabrskiy,100,RU,1594930337,91,54.48,53.47,62.92,4.47
484,ulaanbaatar,40,MN,1594930337,71,47.91,106.88,50.0,13.42
485,jasdan,99,IN,1594930338,10,22.03,71.2,84.0,6.6
486,hofn,79,IS,1594930338,86,64.25,-15.21,51.93,27.49
487,shahrud,8,IR,1594930338,53,36.42,54.98,69.98,9.06
488,monroe,90,US,1594930339,94,43.15,-77.68,73.0,9.17
489,urubicha,60,BO,1594930339,36,-15.38,-62.95,90.14,3.2
490,hovd,30,MN,1594930339,52,48.01,91.64,59.49,1.48
491,roald,75,NO,1594930339,72,62.58,6.13,62.6,4.7
492,pacific grove,40,US,1594930144,68,36.62,-121.92,72.0,9.17
493,popondetta,0,PG,1594930340,92,-8.75,148.25,72.0,2.59
494,mosquera,40,CO,1594930340,67,4.71,-74.23,62.6,11.41
495,sharjah,0,AE,1594930286,50,25.36,55.4,98.6,8.05
496,orsha,85,BY,1594930341,67,54.52,30.41,60.8,6.11
497,russell,20,US,1594930341,55,32.35,-85.2,93.2,3.36
498,kuito,0,AO,1594930341,39,-12.38,16.93,54.23,7.54
499,anqing,83,CN,1594930342,93,30.51,117.05,73.17,2.19
500,port lincoln,0,AU,1594930342,74,-34.73,135.87,53.01,7.67
501,tygda,6,RU,1594930342,94,53.12,126.33,63.37,4.94
502,bhan,98,PK,1594930342,48,26.56,67.72,97.27,12.48
503,corinto,0,GR,1594930343,58,37.94,22.96,77.0,3.04
504,tandil,0,AR,1594930158,48,-37.32,-59.13,57.99,1.99
505,likasi,0,CD,1594930343,58,-10.98,26.73,55.49,7.43
506,rock sound,93,BS,1594930343,74,24.9,-76.2,84.09,12.59
507,thunder bay,75,CA,1594930344,100,48.4,-89.32,64.99,5.82
508,rundu,0,NA,1594930344,43,-17.93,19.77,62.6,4.7
509,lazaro cardenas,82,MX,1594930344,67,17.96,-102.2,87.8,8.32
510,batagay-alyta,99,RU,1594930329,59,67.8,130.41,49.89,4.81
511,raudeberg,75,NO,1594930344,77,61.99,5.14,62.6,20.8
512,bulawayo,0,ZW,1594930345,74,-20.15,28.58,43.81,11.92
513,capaci,0,IT,1594930345,65,38.17,13.24,78.8,9.17
514,pimenta bueno,0,BR,1594930345,24,-11.67,-61.19,92.98,2.89
515,galveston,20,US,1594930346,63,29.37,-94.97,97.0,10.29
516,beroroha,0,MG,1594930346,51,-21.67,45.17,63.1,10.74
517,peniche,0,PT,1594930346,45,39.36,-9.38,84.99,5.99
518,beloha,4,MG,1594930347,79,-25.17,45.05,58.6,6.55
519,cabras,9,IT,1594930347,78,39.93,8.53,62.01,1.01
520,chokwe,0,MZ,1594930347,83,-24.53,32.98,56.07,5.23
521,verkh-usugli,100,RU,1594930347,91,52.7,115.17,57.69,2.64
522,presidencia roque saenz pena,9,AR,1594930348,59,-26.79,-60.44,69.33,4.54
523,zorritos,90,PE,1594930348,78,-3.68,-80.68,77.0,14.36
524,okha,100,RU,1594930348,87,53.57,142.95,57.78,8.66
525,rio claro,0,BR,1594930348,42,-22.41,-47.56,82.99,6.93
526,kargil,3,IN,1594930349,51,34.57,76.1,57.74,6.22
527,melendugno,40,IT,1594930349,83,40.27,18.34,73.4,3.36
528,macamic,75,CA,1594930349,64,48.75,-79.0,75.2,5.82
529,marsaxlokk,0,MT,1594930350,83,35.84,14.54,77.0,6.93
530,karratha,0,AU,1594930350,64,-20.74,116.85,64.04,6.78
531,paamiut,25,GL,1594930350,82,61.99,-49.67,44.71,20.98
532,neiafu,40,TO,1594930350,88,-18.65,-173.98,77.0,8.05
533,merauke,3,ID,1594930351,83,-8.47,140.33,75.47,14.25
534,calvinia,0,ZA,1594930351,42,-31.47,19.78,49.32,9.28
535,grindavik,90,IS,1594930351,100,63.84,-22.43,48.2,11.41
536,algiers,0,DZ,1594930318,73,36.75,3.04,75.2,17.22
537,ayan,98,RU,1594930055,96,56.45,138.17,53.98,7.49
538,hanna,11,CA,1594930352,51,51.63,-111.9,73.0,7.0
539,ust-maya,19,RU,1594930352,77,60.42,134.53,62.46,1.7
540,shyroke,100,UA,1594930353,46,47.69,33.26,69.8,6.71
541,ilhabela,70,BR,1594930078,79,-23.78,-45.36,67.03,11.23
542,tacuarembo,76,UY,1594930353,86,-31.73,-55.98,50.72,6.53
543,dawlatabad,44,AF,1594930353,18,36.41,64.91,85.6,7.16
544,atherton,32,GB,1594930353,79,53.52,-2.49,66.99,1.99
545,bathsheba,40,BB,1594930354,66,13.22,-59.52,86.0,14.99
546,quchan,38,IR,1594930354,60,37.11,58.51,67.86,9.75
547,kuryk,0,KZ,1594930354,30,43.2,51.65,83.37,9.33
548,oistins,40,BB,1594930354,66,13.07,-59.53,86.0,14.99
549,general roca,75,AR,1594930355,70,-39.03,-67.58,48.2,8.05
550,junagarh,29,IN,1594930355,85,19.87,82.93,78.03,5.91
551,mumford,27,GH,1594930355,87,5.26,-0.76,74.77,12.55
552,port-gentil,75,GA,1594930356,83,-0.72,8.78,77.0,13.29
553,husavik,90,IS,1594930356,87,66.04,-17.34,51.8,18.34
554,moindou,75,NC,1594930356,82,-21.69,165.68,59.0,2.24
555,tukrah,0,LY,1594930357,67,32.53,20.58,76.87,5.41
556,soroti,100,UG,1594930357,90,1.71,33.61,65.64,4.81
557,ayorou,34,NE,1594930357,35,14.73,0.92,94.96,5.55
558,mizan teferi,96,ET,1594930357,90,6.98,35.58,60.06,2.91
559,salcininkai,82,LT,1594930358,55,54.3,25.38,64.4,5.82
560,benguela,0,AO,1594930358,86,-12.58,13.41,67.75,2.68
561,tecpan,40,GT,1594930358,44,14.76,-90.99,78.8,18.34
562,ayr,75,GB,1594930358,77,55.46,-4.63,62.6,11.41
563,lekoni,100,GA,1594930359,75,-1.58,14.26,76.21,4.9
564,doha,0,QA,1594930359,59,25.29,51.53,95.0,9.17
565,borba,98,BR,1594930359,53,-4.39,-59.59,89.35,2.1
566,glushkovo,0,RU,1594930359,82,51.34,34.63,56.5,2.51
567,guerrero negro,0,MX,1594930360,48,27.98,-114.06,79.39,15.82
568,polyarnyy,38,RU,1594930360,72,69.2,33.45,62.6,2.24
569,del rio,40,US,1594930360,39,29.36,-100.9,98.6,12.75
570,ewa beach,40,US,1594930120,65,21.32,-158.01,82.0,5.82
571,yulara,0,AU,1594930360,56,-25.24,130.99,41.0,5.82
572,barstow,1,US,1594930221,11,34.9,-117.02,100.4,5.82
573,nouakchott,20,MR,1594930361,69,18.09,-15.98,80.6,11.41
574,soavinandriana,75,MG,1594930151,72,-19.17,46.73,52.7,4.99
